{
    "Apple___Apple_scab": {
        "precision": 0.9210526315789473,
        "recall": 0.8333333333333334,
        "f1-score": 0.875,
        "support": 126.0
    },
    "Apple___Black_rot": {
        "precision": 0.9761904761904762,
        "recall": 0.9919354838709677,
        "f1-score": 0.984,
        "support": 124.0
    },
    "Apple___Cedar_apple_rust": {
        "precision": 1.0,
        "recall": 0.9636363636363636,
        "f1-score": 0.9814814814814815,
        "support": 55.0
    },
    "Apple___healthy": {
        "precision": 0.9607250755287009,
        "recall": 0.9665653495440729,
        "f1-score": 0.9636363636363636,
        "support": 329.0
    },
    "Blueberry___healthy": {
        "precision": 0.9867986798679867,
        "recall": 0.9966666666666667,
        "f1-score": 0.9917081260364843,
        "support": 300.0
    },
    "Cherry_(including_sour)___Powdery_mildew": {
        "precision": 0.9903846153846154,
        "recall": 0.9809523809523809,
        "f1-score": 0.9856459330143541,
        "support": 210.0
    },
    "Cherry_(including_sour)___healthy": {
        "precision": 0.9883040935672515,
        "recall": 0.9883040935672515,
        "f1-score": 0.9883040935672515,
        "support": 171.0
    },
    "Corn_(maize)___Cercospora_leaf_spot Gray_leaf_spot": {
        "precision": 0.8817204301075269,
        "recall": 0.7961165048543689,
        "f1-score": 0.8367346938775511,
        "support": 103.0
    },
    "Corn_(maize)___Common_rust_": {
        "precision": 0.99581589958159,
        "recall": 0.99581589958159,
        "f1-score": 0.99581589958159,
        "support": 239.0
    },
    "Corn_(maize)___Northern_Leaf_Blight": {
        "precision": 0.8942307692307693,
        "recall": 0.9441624365482234,
        "f1-score": 0.9185185185185185,
        "support": 197.0
    },
    "Corn_(maize)___healthy": {
        "precision": 0.9957081545064378,
        "recall": 1.0,
        "f1-score": 0.9978494623655914,
        "support": 232.0
    },
    "Grape___Black_rot": {
        "precision": 0.9743589743589743,
        "recall": 0.9661016949152542,
        "f1-score": 0.9702127659574468,
        "support": 236.0
    },
    "Grape___Esca_(Black_Measles)": {
        "precision": 0.9748201438848921,
        "recall": 0.9783393501805054,
        "f1-score": 0.9765765765765766,
        "support": 277.0
    },
    "Grape___Leaf_blight_(Isariopsis_Leaf_Spot)": {
        "precision": 0.9861751152073732,
        "recall": 0.9953488372093023,
        "f1-score": 0.9907407407407407,
        "support": 215.0
    },
    "Grape___healthy": {
        "precision": 1.0,
        "recall": 0.9764705882352941,
        "f1-score": 0.9880952380952381,
        "support": 85.0
    },
    "Orange___Haunglongbing_(Citrus_greening)": {
        "precision": 0.9972776769509982,
        "recall": 0.9972776769509982,
        "f1-score": 0.9972776769509982,
        "support": 1102.0
    },
    "Peach___Bacterial_spot": {
        "precision": 0.9785407725321889,
        "recall": 0.991304347826087,
        "f1-score": 0.9848812095032398,
        "support": 460.0
    },
    "Peach___healthy": {
        "precision": 0.9705882352941176,
        "recall": 0.9166666666666666,
        "f1-score": 0.9428571428571428,
        "support": 72.0
    },
    "Pepper,_bell___Bacterial_spot": {
        "precision": 0.9487179487179487,
        "recall": 0.9296482412060302,
        "f1-score": 0.9390862944162437,
        "support": 199.0
    },
    "Pepper,_bell___healthy": {
        "precision": 0.9664429530201343,
        "recall": 0.972972972972973,
        "f1-score": 0.9696969696969697,
        "support": 296.0
    },
    "Potato___Early_blight": {
        "precision": 0.9656862745098039,
        "recall": 0.985,
        "f1-score": 0.9752475247524752,
        "support": 200.0
    },
    "Potato___Late_blight": {
        "precision": 0.953125,
        "recall": 0.915,
        "f1-score": 0.9336734693877551,
        "support": 200.0
    },
    "Potato___healthy": {
        "precision": 0.9473684210526315,
        "recall": 0.6,
        "f1-score": 0.7346938775510204,
        "support": 30.0
    },
    "Raspberry___healthy": {
        "precision": 1.0,
        "recall": 0.972972972972973,
        "f1-score": 0.9863013698630136,
        "support": 74.0
    },
    "Soybean___healthy": {
        "precision": 0.9835430784123911,
        "recall": 0.9980353634577603,
        "f1-score": 0.9907362262311068,
        "support": 1018.0
    },
    "Squash___Powdery_mildew": {
        "precision": 0.991869918699187,
        "recall": 0.997275204359673,
        "f1-score": 0.9945652173913043,
        "support": 367.0
    },
    "Strawberry___Leaf_scorch": {
        "precision": 0.9866666666666667,
        "recall": 1.0,
        "f1-score": 0.9932885906040269,
        "support": 222.0
    },
    "Strawberry___healthy": {
        "precision": 0.9886363636363636,
        "recall": 0.9560439560439561,
        "f1-score": 0.9720670391061452,
        "support": 91.0
    },
    "Tomato___Bacterial_spot": {
        "precision": 0.9366515837104072,
        "recall": 0.9741176470588235,
        "f1-score": 0.9550173010380623,
        "support": 425.0
    },
    "Tomato___Early_blight": {
        "precision": 0.9395973154362416,
        "recall": 0.7,
        "f1-score": 0.8022922636103151,
        "support": 200.0
    },
    "Tomato___Late_blight": {
        "precision": 0.9097744360902256,
        "recall": 0.9502617801047121,
        "f1-score": 0.9295774647887324,
        "support": 382.0
    },
    "Tomato___Leaf_Mold": {
        "precision": 0.9090909090909091,
        "recall": 0.8947368421052632,
        "f1-score": 0.9018567639257294,
        "support": 190.0
    },
    "Tomato___Septoria_leaf_spot": {
        "precision": 0.9106628242074928,
        "recall": 0.8926553672316384,
        "f1-score": 0.9015691868758916,
        "support": 354.0
    },
    "Tomato___Spider_mites Two-spotted_spider_mite": {
        "precision": 0.9114285714285715,
        "recall": 0.9522388059701492,
        "f1-score": 0.9313868613138686,
        "support": 335.0
    },
    "Tomato___Target_Spot": {
        "precision": 0.8379310344827586,
        "recall": 0.8647686832740213,
        "f1-score": 0.851138353765324,
        "support": 281.0
    },
    "Tomato___Tomato_Yellow_Leaf_Curl_Virus": {
        "precision": 0.9797794117647058,
        "recall": 0.9953314659197012,
        "f1-score": 0.9874942102825383,
        "support": 1071.0
    },
    "Tomato___Tomato_mosaic_virus": {
        "precision": 0.9710144927536232,
        "recall": 0.8933333333333333,
        "f1-score": 0.9305555555555556,
        "support": 75.0
    },
    "Tomato___healthy": {
        "precision": 0.9685534591194969,
        "recall": 0.9685534591194969,
        "f1-score": 0.9685534591194969,
        "support": 318.0
    },
    "accuracy": 0.9638154866034435,
    "macro avg": {
        "precision": 0.9599798001729579,
        "recall": 0.9392616781492059,
        "f1-score": 0.9478456295272671,
        "support": 10861.0
    },
    "weighted avg": {
        "precision": 0.9638247183550239,
        "recall": 0.9638154866034435,
        "f1-score": 0.9632278947263186,
        "support": 10861.0
    }
}